conversation_id,rouge1_precision,rouge1_recall,rouge1_f1,rouge2_precision,rouge2_recall,rouge2_f1,rougeL_precision,rougeL_recall,rougeL_f1,summary_time_seconds
1yi9t0,1.0,0.1349134001823154,0.23775100401606425,0.9491525423728814,0.12767897856817145,0.22508038585209003,1.0,0.1349134001823154,0.23775100401606425,13.113263845443726
1zz0hh,1.0,0.09298085688240657,0.1701417848206839,0.9556650246305419,0.08846329229366165,0.1619365609348915,1.0,0.09298085688240657,0.1701417848206839,7.607733488082886
5rg40h,1.0,0.26591760299625467,0.42011834319526625,0.9887005649717514,0.2623688155922039,0.4146919431279621,1.0,0.26591760299625467,0.42011834319526625,6.974483013153076
69mi5,1.0,0.07955409171522676,0.14738324337010092,0.9840255591054313,0.07805372529143437,0.14463489081944123,1.0,0.07955409171522676,0.14738324337010092,7.980861663818359
69n44,1.0,0.31031976744186046,0.4736550194120909,0.9741784037558685,0.3018181818181818,0.46085508051082735,1.0,0.31031976744186046,0.4736550194120909,9.302725791931152
6a53w,1.0,0.25316455696202533,0.4040404040404041,0.9843260188087775,0.24861441013460014,0.3969658659924146,1.0,0.25316455696202533,0.4040404040404041,6.425971746444702
6a58n,1.0,0.021637277451230938,0.04235804219127824,0.9683794466403162,0.020872380303288463,0.04086398131932282,0.968503937007874,0.02095578839764886,0.04102393062619861,6.669228792190552
6a659,1.0,0.2307017543859649,0.37491090520313614,0.9732824427480916,0.22388059701492538,0.3640256959314775,1.0,0.2307017543859649,0.37491090520313614,7.098645210266113
6ahuz,1.0,0.06251194800229401,0.11766822598056854,0.99079754601227,0.06175908221797323,0.11627069834413246,1.0,0.06251194800229401,0.11766822598056854,7.215868949890137
6akt6,1.0,0.11538461538461539,0.20689655172413793,0.9769230769230769,0.11233967271118973,0.20150733835779452,1.0,0.11538461538461539,0.20689655172413793,2.586505174636841
6alfc,1.0,0.06501683994728365,0.12209542142169669,0.9751693002257337,0.0632688927943761,0.11882822170265438,0.9977477477477478,0.06487040562307805,0.12182043173380998,6.4720680713653564
6b9la,1.0,0.019741058838610433,0.03871778755499686,0.9803921568627451,0.019230769230769232,0.03772161448509996,0.9155844155844156,0.018074605819766696,0.03544940289126336,4.301206588745117
6blv6,1.0,0.01887507899726143,0.03705082082454617,0.9776286353467561,0.018412404145950956,0.03614408006285927,1.0,0.01887507899726143,0.03705082082454617,9.154433488845825
6bquw,1.0,0.14088820826952528,0.24697986577181208,0.9672727272727273,0.13585291113381,0.23824451410658307,1.0,0.14088820826952528,0.24697986577181208,3.31333589553833
6bwnx,1.0,0.15221238938053097,0.2642089093701997,0.9844357976653697,0.14935064935064934,0.2593541773449513,1.0,0.15221238938053097,0.2642089093701997,4.038733720779419
6bza8,1.0,0.08307264511644073,0.1534017971758665,0.9705882352941176,0.08031988873435326,0.14836223506743737,1.0,0.08307264511644073,0.1534017971758665,13.063666343688965
6c2jj,1.0,0.19968553459119498,0.3328964613368283,0.9802371541501976,0.1951219512195122,0.32545931758530183,1.0,0.19968553459119498,0.3328964613368283,3.491652250289917
6c8kq,1.0,0.2341880341880342,0.37950138504155123,0.978021978021978,0.22840034217279725,0.37031900138696255,1.0,0.2341880341880342,0.37950138504155123,4.996039867401123
6ca68,1.0,0.15430163706025776,0.26735063367531686,0.9932126696832579,0.1529616724738676,0.26509661835748793,0.9413092550790068,0.1452455590386625,0.25165962582981294,11.406396389007568
6cbee,1.0,0.08029758850692663,0.1486582759439563,0.9647435897435898,0.07723890171927124,0.14302684723212164,1.0,0.08029758850692663,0.1486582759439563,17.073554039001465
6cboe,1.0,0.08354866494401378,0.15421303656597773,0.9481865284974094,0.07884532529082292,0.1455847255369928,1.0,0.08354866494401378,0.15421303656597773,6.612893104553223
6cc2r,1.0,0.15609514370664024,0.2700385769395628,0.9840764331210191,0.15319781854238967,0.26512226512226506,1.0,0.15609514370664024,0.2700385769395628,8.25952935218811
6cc8n,1.0,0.10040755835494627,0.1824915824915825,0.9740740740740741,0.09747961452928094,0.17722371967654987,1.0,0.10040755835494627,0.1824915824915825,5.230208873748779
6cdu5,1.0,0.09079445145018916,0.1664739884393064,0.9721577726218097,0.08808072314483918,0.16152659984579798,1.0,0.09079445145018916,0.1664739884393064,5.932652473449707
6ch6p,1.0,0.14930015552099535,0.2598105548037889,0.9895470383275261,0.14730290456431536,0.2564334085778781,1.0,0.14930015552099535,0.2598105548037889,5.760018825531006
6chf7,1.0,0.038180341186027617,0.07355242566510171,0.9700854700854701,0.03688657783555411,0.07107075767063242,0.9574468085106383,0.036555645816409424,0.07042253521126761,5.632919073104858
6chte,1.0,0.14299933642999335,0.2502177068214804,0.986046511627907,0.14072353136408894,0.24629683415625905,1.0,0.14299933642999335,0.2502177068214804,7.722741603851318
6ck9z,1.0,0.07989487516425756,0.14796787539547335,0.9735973597359736,0.07754994742376446,0.1436571706841977,1.0,0.07989487516425756,0.14796787539547335,7.126841306686401
6cker,1.0,0.10690423162583519,0.193158953722334,0.9665271966527197,0.10294117647058823,0.1860652436568667,1.0,0.10690423162583519,0.193158953722334,4.187741994857788
6cksj,1.0,0.03328677839851024,0.06442892543365623,0.9894736842105263,0.032825049470375976,0.06354213609734115,1.0,0.03328677839851024,0.06442892543365623,7.024768590927124
6cmsf,1.0,0.09086035915304208,0.1665847665847666,0.9792899408284024,0.08873994638069706,0.16273352999016716,1.0,0.09086035915304208,0.1665847665847666,9.702327966690063
6cmyv,1.0,0.20613690007867821,0.3418134377038487,0.9846743295019157,0.20236220472440944,0.3357282821685173,1.0,0.20613690007867821,0.3418134377038487,6.149768829345703
6cnb9,1.0,0.2113526570048309,0.3489531405782652,0.9885386819484241,0.2084592145015106,0.34431137724550903,1.0,0.2113526570048309,0.3489531405782652,4.403902769088745
6cpgk,1.0,0.0644640234948605,0.12112015450406952,0.9817351598173516,0.06315171097077397,0.1186697943976818,1.0,0.0644640234948605,0.12112015450406952,8.574395656585693
6cs4x,1.0,0.204337899543379,0.3393364928909952,0.9747899159663865,0.1987435750999429,0.3301707779886148,1.0,0.204337899543379,0.3393364928909952,7.083212614059448
6cuso,1.0,0.04314903846153846,0.08272842493374813,0.9860335195530726,0.04243298473374204,0.08136452691022243,1.0,0.04314903846153846,0.08272842493374813,7.976563453674316
6cvaa,1.0,0.08678429960388909,0.1597084161696488,0.9791666666666666,0.08465417867435159,0.15583554376657824,1.0,0.08678429960388909,0.1597084161696488,7.65259051322937
6cwjk,1.0,0.0767080745341615,0.142486299394289,0.9796747967479674,0.07486797141969556,0.13910533910533912,1.0,0.0767080745341615,0.142486299394289,5.449372053146362
6cxmb,1.0,0.037480680061823805,0.07225325884543762,0.9655172413793104,0.03606853020739405,0.06953930212343226,0.9484536082474226,0.03554868624420402,0.06852886405959031,5.652302026748657
6cyh4,1.0,0.2829861111111111,0.44113667117726657,0.9784615384615385,0.27628149435273675,0.43089430894308944,1.0,0.2829861111111111,0.44113667117726657,5.718935966491699
6cykd,1.0,0.060307544449783757,0.11375481531837751,0.976,0.05863975006008171,0.11063250963500339,1.0,0.060307544449783757,0.11375481531837751,4.268343687057495
6cyvp,0.997716894977169,0.10779477059694129,0.19456812110418523,0.977116704805492,0.10535405872193437,0.19020044543429843,0.997716894977169,0.10779477059694129,0.19456812110418523,10.598941802978516
6czv1,1.0,0.14463840399002495,0.25272331154684097,0.9777777777777777,0.14112615823235922,0.2466521332918094,1.0,0.14463840399002495,0.25272331154684097,9.525893926620483
6d01u,1.0,0.06232050545663412,0.11732900783995676,0.9815242494226328,0.06103690937814161,0.11492698756084371,1.0,0.06232050545663412,0.11732900783995676,4.719364881515503
6d044,1.0,0.07731819410651528,0.14353826850690088,0.9719298245614035,0.07490535424553812,0.13909113733366807,1.0,0.07731819410651528,0.14353826850690088,15.337463855743408
6d0l7,1.0,0.212618841832325,0.3506771204561654,0.9795918367346939,0.20761245674740483,0.3426124197002141,1.0,0.212618841832325,0.3506771204561654,4.523102760314941
6d0ss,1.0,0.13424124513618677,0.2367066895368782,0.9830508474576272,0.13168991242296466,0.23226544622425632,1.0,0.13424124513618677,0.2367066895368782,7.0177412033081055
6d2eu,1.0,0.18708730741012472,0.315203955500618,0.9763779527559056,0.18208516886930984,0.30693069306930687,1.0,0.18708730741012472,0.315203955500618,3.6120822429656982
6d2r9,1.0,0.05333333333333334,0.10126582278481014,0.982089552238806,0.052230512779806317,0.09918601145613505,1.0,0.05333333333333334,0.10126582278481014,6.283245086669922
6d2rz,1.0,0.10282006488644871,0.18646752658972615,0.9805352798053528,0.10059910134797803,0.18247679420421098,0.9344660194174758,0.0960818567506863,0.17424756732292374,7.795729160308838
6d3zf,1.0,0.16695652173913045,0.28614008941877794,0.9651567944250871,0.16067285382830626,0.27548483341621083,1.0,0.16695652173913045,0.28614008941877794,7.336387872695923
6d4ek,1.0,0.1707462686567164,0.29168791432942376,0.9649122807017544,0.16427718040621267,0.28075548749361917,1.0,0.1707462686567164,0.29168791432942376,3.6247124671936035
6d5f2,1.0,0.09280906836698548,0.16985413290113452,0.9846743295019157,0.09107016300496103,0.16672072656503406,1.0,0.09280906836698548,0.16985413290113452,3.3539772033691406
6d5ff,1.0,0.16491963661774983,0.28314337132573486,0.9787234042553191,0.16083916083916083,0.2762762762762763,1.0,0.16491963661774983,0.28314337132573486,4.7262842655181885
6d6sg,1.0,0.026726057906458798,0.05206073752711497,0.9556650246305419,0.02541928721174004,0.04952137843012125,1.0,0.026726057906458798,0.05206073752711497,4.796339988708496
6d7b5,1.0,0.08412787436904094,0.1551991722710812,0.9732441471571907,0.08162692847124825,0.15062111801242237,1.0,0.08412787436904094,0.1551991722710812,12.81501317024231
6d8en,1.0,0.034043538675312644,0.0658454647256439,0.9829351535836177,0.033352634626519974,0.06451612903225805,1.0,0.034043538675312644,0.0658454647256439,32.18898391723633
6d9o0,1.0,0.06917755572636433,0.12940330697340044,0.9866369710467706,0.06811193111931119,0.1274270099237739,1.0,0.06917755572636433,0.12940330697340044,12.627802610397339
6danv,1.0,0.26163301141352063,0.41475295755045233,0.9865319865319865,0.25746924428822493,0.40836236933797904,1.0,0.26163301141352063,0.41475295755045233,4.773910760879517
6dcug,1.0,0.03347858433414816,0.06478815302344715,0.9777070063694268,0.03263180272108843,0.06315572927381197,0.9777777777777777,0.03273461579338931,0.06334841628959276,23.06896162033081
6dd79,1.0,0.24711062190423774,0.3962930273609885,0.984375,0.24284140969162996,0.38957597173144876,1.0,0.24711062190423774,0.3962930273609885,11.43994402885437
6dfao,1.0,0.06579916523447091,0.12347385395070261,0.9775280898876404,0.06409626719056974,0.12030421756165013,1.0,0.06579916523447091,0.12347385395070261,5.703077554702759
6dfkj,1.0,0.008323682686740011,0.016509941856291722,0.9824561403508771,0.008107129931234166,0.016081556464929283,0.9739130434782609,0.008106543138390272,0.016079247720910197,4.382604360580444
6dftk,1.0,0.06999825874978234,0.13083807973962572,0.9950124688279302,0.06948798328108673,0.12990395572195995,1.0,0.06999825874978234,0.13083807973962572,22.810208082199097
6dgub,1.0,0.19035029742233972,0.3198223209328151,0.9790940766550522,0.18584656084656084,0.31239577543079483,1.0,0.19035029742233972,0.3198223209328151,9.765380620956421
6dj78,1.0,0.06695652173913043,0.12550937245313773,0.993485342019544,0.06631876494890193,0.12433754586220953,1.0,0.06695652173913043,0.12550937245313773,11.289732217788696
6dk2s,1.0,0.06637649619151251,0.12448979591836733,0.978021978021978,0.06458635703918723,0.1211708645336964,1.0,0.06637649619151251,0.12448979591836733,6.115391492843628
6dkc0,1.0,0.13315729913240287,0.23501997336884156,0.9886363636363636,0.13132075471698113,0.2318454363757495,1.0,0.13315729913240287,0.23501997336884156,5.756112337112427
6dmed,1.0,0.09329285122826388,0.17066397374400405,0.9940652818991098,0.0924903368304804,0.16923465521596362,1.0,0.09329285122826388,0.17066397374400405,3.8626017570495605
6dmfk,1.0,0.19228450874020495,0.3225480283114257,0.9811320754716981,0.1881785283474065,0.3157894736842105,1.0,0.19228450874020495,0.3225480283114257,6.803510665893555
6dmin,1.0,0.2420417124039517,0.3897481219619973,0.9863636363636363,0.23833058758923667,0.3839009287925696,1.0,0.2420417124039517,0.3897481219619973,8.666504859924316
6do6q,1.0,0.16705336426914152,0.2862823061630218,0.9686411149825784,0.16134648868253046,0.2766169154228855,1.0,0.16705336426914152,0.2862823061630218,11.484551668167114
6doch,1.0,0.15631005765534914,0.2703601108033241,0.9711934156378601,0.15128205128205127,0.2617859123682751,1.0,0.15631005765534914,0.2703601108033241,6.454168081283569
6docz,1.0,0.13564507904130546,0.23888639425235741,0.9773584905660377,0.13214285714285715,0.232808988764045,1.0,0.13564507904130546,0.23888639425235741,4.7210540771484375
6dq21,1.0,0.020814393033159483,0.040779975625761695,0.9838709677419355,0.0204325772801225,0.04003375210950684,1.0,0.020814393033159483,0.040779975625761695,52.42147517204285
6dqly,1.0,0.14771519659936239,0.2574074074074074,0.9530685920577617,0.14035087719298245,0.2446709916589435,1.0,0.14771519659936239,0.2574074074074074,7.298219919204712
6dra3,1.0,0.0667162237502323,0.12508710801393727,0.9692737430167597,0.06449814126394052,0.12094806552805856,1.0,0.0667162237502323,0.12508710801393727,6.662114858627319
6ds9i,1.0,0.026881060513072298,0.052354769304327045,0.9816933638443935,0.026330325906831153,0.05128511655708308,1.0,0.026881060513072298,0.052354769304327045,56.097641944885254
6dsfb,1.0,0.10724519033974621,0.19371534195933454,0.9808429118773946,0.10483210483210484,0.1894191638919719,1.0,0.10724519033974621,0.19371534195933454,4.827897787094116
6dtnu,1.0,0.2274914089347079,0.37066069428891374,0.9727272727272728,0.22077028885832187,0.3598654708520179,1.0,0.2274914089347079,0.37066069428891374,5.450013637542725
6du92,1.0,0.1375051461506793,0.2417661961635903,0.975975975975976,0.13385502471169686,0.2354219485693589,1.0,0.1375051461506793,0.2417661961635903,2.9576148986816406
6duwm,1.0,0.06563911772521924,0.12319201995012467,0.975609756097561,0.06379585326953748,0.11976047904191615,0.9959514170040485,0.06537337230932766,0.12269326683291772,3.159215211868286
6dv02,1.0,0.08086819534395238,0.14963562753036438,0.9869848156182213,0.07965686274509803,0.1474161671796533,0.8246753246753247,0.06669000525118152,0.1234008097165992,11.930041790008545
6dw92,1.0,0.20175438596491227,0.3357664233576642,0.9781659388646288,0.19666374012291485,0.3274853801169591,1.0,0.20175438596491227,0.3357664233576642,4.461611747741699
6dwo0,1.0,0.1356447688564477,0.2388859132297804,0.954954954954955,0.12903225806451613,0.22734584450402145,1.0,0.1356447688564477,0.2388859132297804,4.52459454536438
6dx3o,1.0,0.04523480662983426,0.0865543442352164,0.9846743295019157,0.04437920911759627,0.08493060145406477,1.0,0.04523480662983426,0.0865543442352164,3.420149564743042
6dx9r,1.0,0.059844677935130194,0.11293103448275861,0.9731800766283525,0.05803061457619374,0.10952996981457525,1.0,0.059844677935130194,0.11293103448275861,7.4201979637146
6dy79,1.0,0.18132975151108127,0.30699260943718026,0.9739776951672863,0.1760752688172043,0.29823562891291977,1.0,0.18132975151108127,0.30699260943718026,4.47251296043396
6dypr,1.0,0.19809069212410502,0.33067729083665337,0.9806763285024155,0.1938872970391595,0.3237639553429027,1.0,0.19809069212410502,0.33067729083665337,17.85419011116028
6dzqy,1.0,0.21360759493670886,0.35202086049543674,0.966542750929368,0.2058590657165479,0.33942558746736295,1.0,0.21360759493670886,0.35202086049543674,4.153408765792847
6e09j,1.0,0.04233343031713704,0.08122819260293092,0.9758620689655172,0.04117561472428343,0.07901717157615526,0.9690721649484536,0.04102414896712249,0.07871598046057222,7.449903964996338
6e0z2,1.0,0.05118733509234828,0.09738955823293173,0.9827586206896551,0.050140745953553834,0.095413458319384,0.9553264604810997,0.04890061565523307,0.0930388219544846,5.509279489517212
6e110,1.0,0.05435739436619718,0.10310999791275306,0.975609756097561,0.05282852740479859,0.10022969304656505,1.0,0.05435739436619718,0.10310999791275306,5.154887437820435
6e2ax,0.9968253968253968,0.02339094159713945,0.04570929470849407,0.9681528662420382,0.022647694256127542,0.044260027662517284,0.9968253968253968,0.02339094159713945,0.04570929470849407,9.550572395324707
6e3p8,1.0,0.06913827655310621,0.12933458294283037,0.9738372093023255,0.06714772499498897,0.1256328520532533,0.9565217391304348,0.06613226452905811,0.12371134020618556,51.80600118637085
6e4kc,1.0,0.10038910505836576,0.18246110325318246,0.9766536964980544,0.0977033865317244,0.17763623496107572,1.0,0.10038910505836576,0.18246110325318246,4.1385416984558105
6e4qw,1.0,0.08552091878589008,0.15756659739278292,0.9663461538461539,0.08246153846153846,0.15195615195615195,1.0,0.08552091878589008,0.15756659739278292,17.50740337371826
6e687,1.0,0.06436921208440868,0.12095278847525318,0.9858156028368794,0.06331612511387792,0.11898987016692825,1.0,0.06436921208440868,0.12095278847525318,11.071771383285522
6e7gt,1.0,0.025336175795342735,0.04942023190723711,0.974025974025974,0.024600246002460024,0.04798848276413661,1.0,0.025336175795342735,0.04942023190723711,12.922866344451904
6e8q6,1.0,0.16718266253869968,0.2864721485411141,0.9814385150812065,0.16376306620209058,0.28069011280690104,1.0,0.16718266253869968,0.2864721485411141,5.587687015533447
6e9rf,1.0,0.23820395738203956,0.3847572218807621,0.9807692307692307,0.23305407463823305,0.3766153846153846,1.0,0.23820395738203956,0.3847572218807621,6.85810923576355
6e9rj,1.0,0.1928523263654754,0.3233465234595817,0.968421052631579,0.1862348178137652,0.31239388794567063,1.0,0.1928523263654754,0.3233465234595817,4.1529858112335205
6e9sq,1.0,0.023875991771965914,0.046638444428499674,0.9845679012345679,0.023436926015722576,0.045783997129529956,1.0,0.023875991771965914,0.046638444428499674,35.413334608078
6eajt,1.0,0.023526248571620622,0.04597097261443489,0.9885386819484241,0.02319171820381823,0.04532019704433498,1.0,0.023526248571620622,0.04597097261443489,33.186495780944824
6ec0y,1.0,0.10398749022673964,0.18838526912181303,0.9735849056603774,0.10089949159170904,0.18284904323175055,1.0,0.10398749022673964,0.18838526912181303,8.424333572387695
6ee7i,1.0,0.06360201511335013,0.11959739490822974,0.9402985074626866,0.05952755905511811,0.11196682464454978,1.0,0.06360201511335013,0.11959739490822974,5.61157751083374
6eegg,1.0,0.27768860353130015,0.4346733668341708,0.9855072463768116,0.27309236947791166,0.42767295597484284,1.0,0.27768860353130015,0.4346733668341708,4.39320969581604
6ef8p,1.0,0.04154399738305528,0.07977386934673365,0.9761904761904762,0.04024869109947644,0.07730986800754241,1.0,0.04154399738305528,0.07977386934673365,2.601686477661133
6efjj,1.0,0.030369321837601337,0.05894842013238416,0.9872340425531915,0.029858429858429857,0.05796377264209869,0.9745762711864406,0.029597220434950458,0.05744973148495067,22.498046398162842
6efm9,1.0,0.09627479438800193,0.17563989408649602,0.9722921914357683,0.09339462859908057,0.17041942604856514,1.0,0.09627479438800193,0.17563989408649602,10.673423051834106
6egkh,1.0,0.08817635270541083,0.16206261510128914,0.9726027397260274,0.08540497193263834,0.1570217471433837,1.0,0.08817635270541083,0.16206261510128914,6.432762384414673
6ehcj,1.0,0.22997620935765264,0.3739522888459058,0.9826989619377162,0.2253968253968254,0.3666881859264041,1.0,0.22997620935765264,0.3739522888459058,5.223470211029053
6eivt,1.0,0.053003533568904596,0.10067114093959732,0.9838709677419355,0.0520350962710212,0.09884259259259258,1.0,0.053003533568904596,0.10067114093959732,11.15626835823059
6ejho,1.0,0.027827292533174886,0.05414779843915599,0.9857142857142858,0.02733485193621868,0.0531945649031512,1.0,0.027827292533174886,0.05414779843915599,7.886327743530273
6ekqr,1.0,0.2611353711790393,0.4141274238227146,0.9798657718120806,0.25524475524475526,0.40499306518723993,1.0,0.2611353711790393,0.4141274238227146,6.4519126415252686
6elbs,1.0,0.14158163265306123,0.24804469273743018,0.9849397590361446,0.13908974904296045,0.24375698844576965,1.0,0.14158163265306123,0.24804469273743018,6.394927024841309
6elc0,1.0,0.182916307161346,0.30926331145149527,0.9881796690307328,0.18040569702201123,0.3051094890510949,1.0,0.182916307161346,0.30926331145149527,7.929701089859009
6elmv,1.0,0.33974358974358976,0.507177033492823,0.9810874704491725,0.33279871692060947,0.4970059880239521,1.0,0.33974358974358976,0.507177033492823,7.78080940246582
6em23,1.0,0.12644151565074135,0.22449725776965263,0.9836601307189542,0.12402142562834775,0.22027076472740578,1.0,0.12644151565074135,0.22449725776965263,3.7294461727142334
6eo2d,1.0,0.07197802197802197,0.13429010763710916,0.9731800766283525,0.06979939543830722,0.13025641025641024,0.8931297709923665,0.06428571428571428,0.11993849308047154,3.9139862060546875
6eoqg,1.0,0.33636363636363636,0.5034013605442177,0.9876847290640394,0.3316790736145575,0.49659442724458197,1.0,0.33636363636363636,0.5034013605442177,11.585354804992676
6ep0h,1.0,0.0644902328070645,0.12116641528406236,0.9791666666666666,0.06290149892933619,0.11820925553319919,1.0,0.0644902328070645,0.12116641528406236,6.83370566368103
6epli,1.0,0.04806367671819991,0.09171900102234555,0.9808306709265175,0.0469993876301286,0.08970051132213294,1.0,0.04806367671819991,0.09171900102234555,8.670013189315796
6eqt9,1.0,0.06429136975455266,0.12081535485790806,0.9654320987654321,0.06192587899904973,0.11638636701890162,1.0,0.06429136975455266,0.12081535485790806,8.776938676834106
6erc0,1.0,0.1104067617538299,0.1988582302568982,0.9711538461538461,0.10676532769556026,0.19238095238095237,1.0,0.1104067617538299,0.1988582302568982,2.521366834640503
6erh1,1.0,0.15670755836960823,0.2709544988026001,0.9772151898734177,0.15281076801266824,0.2642930503252311,1.0,0.15670755836960823,0.2709544988026001,6.505205869674683
6erhk,1.0,0.03885074087459342,0.07479561662897895,0.9813519813519813,0.03804102286075721,0.0732428670842032,0.8069767441860465,0.03135164438019516,0.06035832318664116,10.650646924972534
6eryx,1.0,0.08949072711215779,0.16427992434477168,0.966996699669967,0.08627797408716137,0.1584211949175453,1.0,0.08949072711215779,0.16427992434477168,7.190971612930298
6eslq,1.0,0.13302752293577982,0.2348178137651822,0.961038961038961,0.12736660929432014,0.22492401215805474,1.0,0.13302752293577982,0.2348178137651822,4.148153066635132
6euld,1.0,0.04563556129587773,0.08728769943386516,0.9645390070921985,0.04391819160387513,0.08401111911870687,0.9221698113207547,0.04208373694973631,0.08049408131755019,28.28286600112915
6euri,1.0,0.05334949984843892,0.10129496402877697,0.9714285714285714,0.05154639175257732,0.0978980708321336,1.0,0.05334949984843892,0.10129496402877697,3.1161885261535645
6evf9,1.0,0.08364501870112206,0.15437715720112957,0.9755102040816327,0.08129251700680272,0.1500784929356358,1.0,0.08364501870112206,0.15437715720112957,3.4195377826690674
6evno,1.0,0.23300970873786409,0.37795275590551186,0.9847908745247148,0.22879858657243815,0.371326164874552,1.0,0.23300970873786409,0.37795275590551186,3.212683916091919
6ewd3,0.9962121212121212,0.043840640106684446,0.08398531055404757,0.9619771863117871,0.04218072690896966,0.08081776074109567,0.9962121212121212,0.043840640106684446,0.08398531055404757,14.348680019378662
6eyn7,1.0,0.1752843846949328,0.2982842058952926,0.9881656804733728,0.1727884117951371,0.29414354909731394,1.0,0.1752843846949328,0.2982842058952926,8.007333517074585
6eyyq,1.0,0.21673953778888194,0.3562628336755647,0.976878612716763,0.21125,0.3473792394655704,1.0,0.21673953778888194,0.3562628336755647,6.68047833442688
6ezbh,1.0,0.016615461784437895,0.03268780066609103,0.9696969696969697,0.01605216955104088,0.03158154453491241,0.969811320754717,0.01611386293811524,0.031700999136548655,35.36611604690552
6f04j,1.0,0.13298843578819233,0.23475691646521624,0.9770642201834863,0.12968036529680366,0.22897070679924753,0.8787185354691075,0.11685940353012782,0.2062852538275584,11.225002765655518
6f064,1.0,0.058594699732555315,0.11070280202113,0.975,0.05690661478599222,0.10753676470588236,0.9087136929460581,0.05324580598103574,0.10059715204409737,4.281630516052246
6f0la,1.0,0.1741534208707671,0.29664508534432016,0.9760956175298805,0.169432918395574,0.2887448438420742,1.0,0.1741534208707671,0.29664508534432016,5.329290390014648
6f0lm,1.0,0.24357838795394154,0.39173789173789175,0.9890510948905109,0.2402482269503546,0.38659058487874465,1.0,0.24357838795394154,0.39173789173789175,6.633512496948242
6f0or,1.0,0.23721275018532245,0.3834631515877771,0.9811912225705329,0.23219584569732937,0.3755248950209958,1.0,0.23721275018532245,0.3834631515877771,5.460937976837158
6f0rh,1.0,0.14830934047539338,0.2583090379008746,0.9819004524886877,0.14534494306764903,0.2532088681446908,1.0,0.14830934047539338,0.2583090379008746,9.412343740463257
6f2u8,1.0,0.12168444079846868,0.21696733300828863,0.990990990990991,0.12035010940919037,0.2146341463414634,1.0,0.12168444079846868,0.21696733300828863,6.708042621612549
6f310,1.0,0.1456117021276596,0.25420777713290776,0.988558352402746,0.14366478217492518,0.25087108013937287,1.0,0.1456117021276596,0.25420777713290776,8.277801513671875
6f3t7,1.0,0.19225806451612903,0.32251082251082247,0.9820627802690582,0.1884681583476764,0.31624548736462094,1.0,0.19225806451612903,0.32251082251082247,5.886918783187866
6f3v0,1.0,0.25552608311229,0.4070422535211268,0.9791666666666666,0.24955752212389382,0.39774330042313116,1.0,0.25552608311229,0.4070422535211268,4.960042953491211
6f4kv,1.0,0.052597402597402594,0.0999383096853794,0.9669421487603306,0.05066031608573284,0.09627648631968731,1.0,0.052597402597402594,0.0999383096853794,4.842090606689453
6f5e6,1.0,0.05689534066963241,0.1076650420912716,0.9380165289256198,0.0531615925058548,0.10062056737588652,0.9917695473251029,0.05642706626082884,0.10677891005759858,9.204061269760132
6f5h6,1.0,0.18058252427184465,0.3059210526315789,0.9946091644204852,0.17921321029626033,0.3037037037037037,1.0,0.18058252427184465,0.3059210526315789,10.394794940948486
6f5qz,1.0,0.04662663369833981,0.08909888626392169,0.9657794676806084,0.04486839780957428,0.08575286968264687,1.0,0.04662663369833981,0.08909888626392169,6.233245372772217
6f5vr,1.0,0.08488326078353779,0.15648367681925954,0.9719626168224299,0.08232733029883238,0.1517971173143587,0.993006993006993,0.08428967154728928,0.155389385372971,6.17532753944397
6f710,1.0,0.06077348066298342,0.11458333333333333,0.9657142857142857,0.05837651122625216,0.11009771986970684,1.0,0.06077348066298342,0.11458333333333333,6.194989919662476
6f73y,1.0,0.03559362934362934,0.06874053361295583,0.9761904761904762,0.0346325570170146,0.06689197063279338,0.9593220338983051,0.0341457528957529,0.06594430851683561,24.527679681777954
6f7bk,1.0,0.21201413427561838,0.34985422740524785,0.9874476987447699,0.20866489832007074,0.34452554744525554,1.0,0.21201413427561838,0.34985422740524785,6.218231201171875
6f80c,1.0,0.08658008658008658,0.1593625498007968,0.9928057553956835,0.0853960396039604,0.1572649572649573,1.0,0.08658008658008658,0.1593625498007968,1.7962169647216797
6f8mp,1.0,0.1159334126040428,0.20777836973894512,0.9845758354755784,0.11388641094261076,0.20415778251599148,1.0,0.1159334126040428,0.20777836973894512,4.782944917678833
6f8tw,0.9976851851851852,0.023029655356665776,0.0450201075886562,0.9860788863109049,0.02271027038580742,0.04439801514755812,0.9976851851851852,0.023029655356665776,0.0450201075886562,45.69860219955444
6f9lx,1.0,0.19593613933236576,0.3276699029126214,0.9801980198019802,0.19167473378509198,0.3206477732793523,1.0,0.19593613933236576,0.3276699029126214,10.646908521652222
6fay7,1.0,0.20631970260223048,0.3420647149460709,0.9728506787330317,0.2,0.3317901234567901,1.0,0.20631970260223048,0.3420647149460709,3.9368772506713867
6fazb,1.0,0.11973314606741572,0.21386014424584507,0.9823529411764705,0.11731647348085704,0.20960150611860684,1.0,0.11973314606741572,0.21386014424584507,5.595696687698364
6fc9s,1.0,0.02659606474517119,0.05181407889338257,0.9750566893424036,0.025875556625346012,0.05041327158684565,1.0,0.02659606474517119,0.05181407889338257,33.57401728630066
6fchh,1.0,0.1145426114151681,0.2055419151175026,0.9726027397260274,0.11106765741102854,0.19936819936819933,0.8737201365187713,0.10007818608287725,0.17958611013679412,6.259568214416504
6fe0l,1.0,0.2115732368896926,0.34925373134328364,0.9742489270386266,0.20542986425339366,0.3393124065769806,1.0,0.2115732368896926,0.34925373134328364,7.458819389343262
6fe1c,1.0,0.22771474878444084,0.37095709570957097,0.975,0.22141119221411193,0.3608724388631857,1.0,0.22771474878444084,0.37095709570957097,4.994802951812744
6feje,1.0,0.022057079611036444,0.043162128712871284,0.9568345323741008,0.02103099304237824,0.04115735726442828,1.0,0.022057079611036444,0.043162128712871284,8.761718034744263
6fes3,1.0,0.08598962194217939,0.1583617747440273,0.9783549783549783,0.08379681127178347,0.15437158469945356,1.0,0.08598962194217939,0.1583617747440273,4.561688184738159
6ffrx,1.0,0.08739758095981272,0.16074632221026194,0.9730941704035875,0.08469945355191257,0.155834829443447,0.9642857142857143,0.08427623878267655,0.15500538213132398,3.9700839519500732
6fftp,1.0,0.16870573084352866,0.2887052341597796,0.9655172413793104,0.16237113402061856,0.277992277992278,1.0,0.16870573084352866,0.2887052341597796,5.149790525436401
6fg97,1.0,0.033210332103321034,0.0642857142857143,0.9794721407624634,0.032436632028746235,0.06279375822523031,1.0,0.033210332103321034,0.0642857142857143,16.052541971206665
6fgh8,1.0,0.10350492880613363,0.18759305210918115,0.9680851063829787,0.09972602739726028,0.1808246398410333,1.0,0.10350492880613363,0.18759305210918115,4.073008060455322
6fgjh,1.0,0.102803738317757,0.1864406779661017,0.982646420824295,0.10082350322724237,0.1828825191764231,1.0,0.102803738317757,0.1864406779661017,13.978288173675537
6fhfj,1.0,0.18285431119920714,0.3091746962714705,0.9945652173913043,0.18145761031234506,0.3069182389937107,1.0,0.18285431119920714,0.3091746962714705,5.20585560798645
6fhhw,1.0,0.1122296793437733,0.20181025812939993,0.9866666666666667,0.1104065647146587,0.1985910768198591,1.0,0.1122296793437733,0.20181025812939993,7.271812915802002
6fify,1.0,0.10522273425499232,0.19041000694927032,0.9829268292682927,0.10320102432778488,0.18679026651216682,0.975669099756691,0.10266257040450588,0.18577716006485984,11.438967227935791
6fiwz,1.0,0.09987770077456176,0.18161601186063753,0.9754098360655737,0.09706362153344208,0.17655786350148367,1.0,0.09987770077456176,0.18161601186063753,4.341490745544434
6fj1m,1.0,0.14398812469074715,0.2517301038062284,0.9758620689655172,0.1400990099009901,0.24502164502164503,1.0,0.14398812469074715,0.2517301038062284,5.757442951202393
6fjmx,1.0,0.16233521657250471,0.27932598833441347,0.9953488372093023,0.16126601356443104,0.27756160830090787,1.0,0.16233521657250471,0.27932598833441347,7.7205970287323
6fk8c,1.0,0.17552533992583436,0.2986330178759201,0.9717314487632509,0.17006802721088435,0.2894736842105263,1.0,0.17552533992583436,0.2986330178759201,5.475325584411621
6fktt,1.0,0.032248250684514757,0.062481579722959035,0.9779179810725552,0.03144016227180527,0.06092168615505551,1.0,0.032248250684514757,0.062481579722959035,8.50388789176941
6fld6,1.0,0.12193056731583404,0.21735849056603776,0.974477958236659,0.11857707509881422,0.21142713314875408,0.9513888888888888,0.11600338696020322,0.20679245283018866,11.33037805557251
6flm6,1.0,0.3318345323741007,0.4983119513841998,0.9918478260869565,0.32853285328532855,0.49357674104124405,1.0,0.3318345323741007,0.4983119513841998,6.278879165649414
6flne,1.0,0.09861857252494244,0.17953195948305972,0.9765625,0.09596928982725528,0.17476406850751486,1.0,0.09861857252494244,0.17953195948305972,4.246859550476074
6fmbg,1.0,0.04936942479237158,0.09409350725487324,0.965625,0.047531149053991695,0.09060255094560914,1.0,0.04936942479237158,0.09409350725487324,18.99236011505127
6fmke,1.0,0.06227263000213995,0.11724415793714746,0.9724137931034482,0.06035958904109589,0.1136638452237001,1.0,0.06227263000213995,0.11724415793714746,5.07279896736145
6fmqa,1.0,0.055351488283723875,0.10489678348535766,0.9770642201834863,0.0539650367367621,0.10228091236494598,1.0,0.055351488283723875,0.10489678348535766,9.63412070274353
6fn8y,1.0,0.018333687265519927,0.03600722925066036,0.9651162790697675,0.017627070649865496,0.03462180200222469,0.9961389961389961,0.018262900828201315,0.03586820519949951,43.89645552635193
6fnz3,1.0,0.06061429736341397,0.1143003587903639,0.9865168539325843,0.05967106157401115,0.1125352473724686,1.0,0.06061429736341397,0.1143003587903639,17.911226749420166
6forc,1.0,0.14829545454545454,0.2582879762493815,0.9807692307692307,0.144968732234224,0.2526002971768202,1.0,0.14829545454545454,0.2582879762493815,5.04392147064209
6fpla,1.0,0.06805708013172337,0.12744090441932168,0.976905311778291,0.06634253450439147,0.12424731972389484,1.0,0.06805708013172337,0.12744090441932168,22.113513469696045
6fps6,1.0,0.11890660592255126,0.21254071661237786,0.9730769230769231,0.11531449407474932,0.20619396903015486,1.0,0.11890660592255126,0.21254071661237786,2.6335387229919434
6fqit,1.0,0.15188897455666925,0.26372155287817944,0.9642857142857143,0.14583333333333334,0.25335120643431636,1.0,0.15188897455666925,0.26372155287817944,5.378571271896362
6fqkh,1.0,0.03965303593556382,0.07628128724672228,0.9775784753363229,0.03859773371104816,0.0742633282234713,1.0,0.03965303593556382,0.07628128724672228,4.126122951507568
6fqu8,1.0,0.09350270720533112,0.1710150447533803,0.9866071428571429,0.09206415330139554,0.168413031053534,1.0,0.09350270720533112,0.1710150447533803,12.362475156784058
6frpb,1.0,0.08004356112169889,0.14822283841693976,0.9726962457337884,0.07761437908496732,0.1437578814627995,1.0,0.08004356112169889,0.14822283841693976,4.625004529953003
6ftbj,1.0,0.07434292866082604,0.1383970177073625,0.972972972972973,0.07210816224336505,0.1342657342657343,1.0,0.07434292866082604,0.1383970177073625,6.602307319641113
6fteg,1.0,0.2634836427939876,0.41707487753673894,0.9764309764309764,0.25663716814159293,0.4064470918009811,1.0,0.2634836427939876,0.41707487753673894,5.670796632766724
6fuku,1.0,0.08887093516461321,0.16323502133184936,0.9908883826879271,0.08787878787878788,0.16143997030989052,0.9227272727272727,0.08200363562916582,0.15062140604711555,8.302830219268799
6funb,1.0,0.07598447032723239,0.14123711340206188,0.9852941176470589,0.07436182019977802,0.13828689370485037,1.0,0.07598447032723239,0.14123711340206188,5.952778100967407
6fwyn,1.0,0.03937119388188642,0.07575964027796703,0.9711191335740073,0.03810198300283286,0.07332697287719776,1.0,0.03937119388188642,0.07575964027796703,11.515913724899292
6fx45,1.0,0.09688346883468835,0.17665225447807287,0.9824561403508771,0.09488309047780413,0.17305315203955499,1.0,0.09688346883468835,0.17665225447807287,5.225376844406128
6fxyn,1.0,0.07409200968523003,0.13796212804328226,0.9736842105263158,0.07170542635658915,0.13357400722021662,1.0,0.07409200968523003,0.13796212804328226,3.256356954574585
6fzli,1.0,0.15733113673805602,0.27188612099644127,0.979002624671916,0.15368768026370005,0.2656695156695157,1.0,0.15733113673805602,0.27188612099644127,6.32830548286438
6fztm,1.0,0.308199121522694,0.4711807498601008,0.9880952380952381,0.304029304029304,0.46498599439775906,1.0,0.308199121522694,0.4711807498601008,5.559942007064819
6g078,0.9974619289340102,0.03649363914941035,0.07041117979037893,0.9618320610687023,0.03510401188707281,0.06773586596183137,0.9974619289340102,0.03649363914941035,0.07041117979037893,27.700289011001587
6g165,1.0,0.12503987240829345,0.22228522823929683,0.9718670076726342,0.12125079770261646,0.21560283687943263,1.0,0.12503987240829345,0.22228522823929683,9.03114366531372
6g1m4,1.0,0.19698397737983034,0.3291338582677165,0.9711538461538461,0.19056603773584907,0.3186119873817035,1.0,0.19698397737983034,0.3291338582677165,4.775615692138672
6g2jb,1.0,0.1319796954314721,0.2331838565022422,0.9754385964912281,0.1283471837488458,0.22684618523051814,1.0,0.1319796954314721,0.2331838565022422,14.620760440826416
6g3k6,1.0,0.08142239946826188,0.1505838967424708,0.9795081967213115,0.07945478723404255,0.14698646986469863,1.0,0.08142239946826188,0.1505838967424708,2.9427173137664795
6g54t,1.0,0.2734877734877735,0.4295098534613441,0.9834905660377359,0.26851255634256277,0.42185128983308046,1.0,0.2734877734877735,0.4295098534613441,9.518607378005981
6g5c5,1.0,0.0900958466453674,0.16529894490035169,0.9786476868327402,0.08788750399488654,0.16129032258064518,1.0,0.0900958466453674,0.16529894490035169,4.993419408798218
6g5jo,1.0,0.05913189347871671,0.1116610572163928,0.99644128113879,0.0587248322147651,0.11091305208952267,1.0,0.05913189347871671,0.1116610572163928,8.843823432922363
6g93o,1.0,0.15706214689265538,0.271484375,0.9711191335740073,0.1520633126059921,0.2629521016617791,1.0,0.15706214689265538,0.271484375,6.972324371337891
6g94c,1.0,0.016799022602321318,0.03304295584259537,0.9744525547445255,0.016311320178385973,0.03208556149732621,0.9745454545454545,0.016371411117898596,0.03220186242114749,21.8451988697052
6g97c,1.0,0.024695908588278657,0.048201438848920856,0.9700374531835206,0.02386876785549719,0.046591113509624034,1.0,0.024695908588278657,0.048201438848920856,31.00186824798584
6ga6v,1.0,0.1884580703336339,0.31714719271623676,0.9928057553956835,0.18673883626522328,0.31435079726651477,1.0,0.1884580703336339,0.31714719271623676,7.16016960144043
6gb5s,1.0,0.1746987951807229,0.29743589743589743,0.9874213836477987,0.17205479452054795,0.2930471301913206,1.0,0.1746987951807229,0.29743589743589743,7.368919134140015
6gbb7,1.0,0.2879799666110184,0.4471808165910564,0.9738372093023255,0.27986633249791143,0.4347826086956522,1.0,0.2879799666110184,0.4471808165910564,5.672706604003906
6gcgv,1.0,0.13376278893520274,0.2359625668449198,0.9772727272727273,0.13040181956027294,0.23010033444816053,1.0,0.13376278893520274,0.2359625668449198,4.586597204208374
6gcmg,1.0,0.21730103806228374,0.35702103467879476,0.9808306709265175,0.2126038781163435,0.3494593056346044,1.0,0.21730103806228374,0.35702103467879476,4.3721277713775635
6gcn7,1.0,0.02587550659877377,0.050445705024311185,0.967741935483871,0.02494283932654334,0.04863221884498481,0.8955823293172691,0.02317364647199418,0.04517828200972447,11.0724937915802
6gd6w,1.0,0.35708154506437767,0.5262492093611638,0.9783132530120482,0.3487972508591065,0.5142495250158328,1.0,0.35708154506437767,0.5262492093611638,9.560961246490479
6gdlp,1.0,0.08425811755034936,0.155420773313116,0.980440097799511,0.08242548818088387,0.15206674251042854,1.0,0.08425811755034936,0.155420773313116,5.910472393035889
6ge1h,1.0,0.21565731166912852,0.35479951397326853,0.9759450171821306,0.2099039172209904,0.34549878345498786,1.0,0.21565731166912852,0.35479951397326853,6.904120683670044
6ge60,1.0,0.10896960711638251,0.19652406417112298,0.9863481228668942,0.10715609936967001,0.19331103678929765,1.0,0.10896960711638251,0.19652406417112298,4.855101108551025
6ge76,1.0,0.08294453084499741,0.15318334131163236,0.9905956112852664,0.08192896033186414,0.15134099616858238,1.0,0.08294453084499741,0.15318334131163236,6.055213212966919
6gepm,1.0,0.15467625899280577,0.2679127725856698,0.9649805447470817,0.14877024595080984,0.25779625779625776,1.0,0.15467625899280577,0.2679127725856698,4.0889732837677
6gfbg,1.0,0.20816326530612245,0.34459459459459457,0.9921259842519685,0.20588235294117646,0.34100135317997293,1.0,0.20816326530612245,0.34459459459459457,4.4509172439575195
6gfq7,1.0,0.12898089171974522,0.22849083215796898,0.9834710743801653,0.12639405204460966,0.224,1.0,0.12898089171974522,0.22849083215796898,5.228772163391113
6gfqu,1.0,0.0353356890459364,0.06825938566552901,0.974910394265233,0.03433043039252808,0.06632528651548403,1.0,0.0353356890459364,0.06825938566552901,4.979742527008057
6gfvg,1.0,0.1711100339311682,0.2922185430463576,0.9801136363636364,0.16731328806983511,0.2858326429163215,1.0,0.1711100339311682,0.2922185430463576,5.760806560516357
6ggz2,1.0,0.07994877424076106,0.1480603083178045,0.9793577981651376,0.07813357731015554,0.14472123368920523,0.9908466819221968,0.0792169776802049,0.14670506522107402,11.254831552505493
6ghom,1.0,0.19600855310049894,0.32777115613825986,0.9781021897810219,0.19115549215406563,0.31980906921241053,1.0,0.19600855310049894,0.32777115613825986,2.993309736251831
6ghtd,1.0,0.21258244545915778,0.35062761506276147,0.9784688995215312,0.20761421319796955,0.3425460636515913,1.0,0.21258244545915778,0.35062761506276147,11.655097246170044
6gi4k,1.0,0.23021060275962238,0.3742621015348288,0.9651898734177216,0.22165697674418605,0.3605200945626478,1.0,0.23021060275962238,0.3742621015348288,7.444114923477173
6gi6k,1.0,0.11996572407883462,0.21423106350420812,0.978494623655914,0.11701671667381054,0.2090352220520674,1.0,0.11996572407883462,0.21423106350420812,3.5563981533050537
6gita,1.0,0.043395868864885355,0.08318198329095532,0.9780701754385965,0.04226686884003033,0.08103197674418607,1.0,0.043395868864885355,0.08318198329095532,4.75791597366333
6gj2x,1.0,0.09717416378316032,0.1771353482260184,0.9761904761904762,0.09460628785693684,0.17249539836970812,1.0,0.09717416378316032,0.1771353482260184,5.673689603805542
6gj9z,1.0,0.026631035753778107,0.05188044161206356,0.9722222222222222,0.025804073357294257,0.05027381273004758,1.0,0.026631035753778107,0.05188044161206356,2.9989259243011475
6glbj,1.0,0.07343724891531415,0.13682634730538923,0.9780701754385965,0.07168113146898103,0.13357292602575618,1.0,0.07343724891531415,0.13682634730538923,7.496587753295898
6gnqq,1.0,0.1806981519507187,0.3060869565217392,0.9657794676806084,0.17397260273972603,0.29483459082994773,1.0,0.1806981519507187,0.3060869565217392,4.1932923793792725
6go20,1.0,0.2155737704918033,0.3546864463924478,0.9770992366412213,0.2100082034454471,0.3457123565158677,1.0,0.2155737704918033,0.3546864463924478,2.890515089035034
6goc4,1.0,0.11953862285914016,0.21354979706525132,0.9736070381231672,0.11608391608391608,0.20743517650734145,1.0,0.11953862285914016,0.21354979706525132,4.637715101242065
6gono,1.0,0.23947614593077643,0.3864150943396227,0.9764705882352941,0.23314606741573032,0.3764172335600907,1.0,0.23947614593077643,0.3864150943396227,2.755112886428833
6gowm,1.0,0.026929982046678635,0.05244755244755245,0.9581589958158996,0.02569857479519695,0.050054644808743165,0.9875,0.02659335727109515,0.05179195804195804,27.07281732559204
6gph8,1.0,0.052390057361376675,0.09956395348837209,0.9485294117647058,0.04934965570007651,0.09381818181818181,1.0,0.052390057361376675,0.09956395348837209,3.167929172515869
6gqua,1.0,0.10051282051282051,0.18266542404473438,0.962457337883959,0.09644322845417237,0.17531861983214175,1.0,0.10051282051282051,0.18266542404473438,5.334606885910034
6grjj,1.0,0.12483487450462351,0.22196124486200822,0.9787798408488063,0.12190287413280476,0.21680376028202114,1.0,0.12483487450462351,0.22196124486200822,14.594661235809326
6gs37,1.0,0.07622971928920938,0.14166068437425222,0.9694915254237289,0.07367336424523442,0.13694038783816134,0.9256756756756757,0.07056399690960598,0.13113184972481456,7.899845123291016
6gsuq,1.0,0.037312345139192536,0.07194042433609667,0.9764705882352941,0.03629737609329446,0.06999297259311316,0.953125,0.03556332896079289,0.06856821694534214,4.367349624633789
6gtdo,1.0,0.05507719714964371,0.104404108625299,0.9864864864864865,0.054194506310319225,0.10274454609429978,1.0,0.05507719714964371,0.104404108625299,26.36706304550171
6gu0g,1.0,0.04696436427628684,0.08971530622964596,0.9835680751173709,0.04608953910460895,0.0880529578648734,1.0,0.04696436427628684,0.08971530622964596,8.891624212265015
6guum,1.0,0.05319541928333949,0.10101718695194668,0.975609756097561,0.051727323111029004,0.09824561403508773,1.0,0.05319541928333949,0.10101718695194668,22.95532989501953
6gvi8,1.0,0.21739130434782608,0.3571428571428571,0.9829931972789115,0.21312684365781712,0.3503030303030303,1.0,0.21739130434782608,0.3571428571428571,3.9777145385742188
6gw3m,1.0,0.09204368174726989,0.16857142857142857,0.9915014164305949,0.09102730819245773,0.16674606955693186,1.0,0.09204368174726989,0.16857142857142857,6.652328968048096
6gwth,1.0,0.07754093296261971,0.14392201834862386,0.964,0.07447466007416563,0.138267355134825,1.0,0.07754093296261971,0.14392201834862386,10.275574922561646
6gy51,1.0,0.09384288747346073,0.17158385093167702,0.9773242630385488,0.09152686345296242,0.16737864077669903,0.9728506787330317,0.09129511677282377,0.16692546583850928,5.559139728546143
6gykn,1.0,0.2332155477031802,0.37822349570200575,0.9809885931558935,0.22811671087533156,0.3701578192252511,1.0,0.2332155477031802,0.37822349570200575,3.1625068187713623
6gz4l,1.0,0.14841578654808227,0.25847047434656345,0.981203007518797,0.14516129032258066,0.25290697674418605,1.0,0.14841578654808227,0.25847047434656345,3.2787904739379883
6gzjx,1.0,0.1406025824964132,0.24654088050314463,0.9761092150170648,0.1368421052631579,0.2400335711288292,1.0,0.1406025824964132,0.24654088050314463,4.305534601211548
6h0pu,1.0,0.17405582922824303,0.2965034965034965,0.9810874704491725,0.1704312114989733,0.2904128761371589,1.0,0.17405582922824303,0.2965034965034965,6.196278095245361
6h13u,1.0,0.14397905759162305,0.2517162471395881,0.954337899543379,0.13686967910936476,0.23940435280641464,1.0,0.14397905759162305,0.2517162471395881,3.004589557647705
6h19e,1.0,0.10218978102189781,0.18543046357615892,0.9730941704035875,0.09904153354632587,0.17978458989229495,1.0,0.10218978102189781,0.18543046357615892,6.214191913604736
6h1bp,1.0,0.08354248834707781,0.15420251489080078,0.9655172413793104,0.08034433285509325,0.14834437086092714,1.0,0.08354248834707781,0.15420251489080078,3.844240188598633
6h1sd,1.0,0.14513018322082932,0.2534736842105263,0.9633333333333334,0.13941148094548964,0.24357353560893386,1.0,0.14513018322082932,0.2534736842105263,6.070418119430542
6h3hw,1.0,0.1318407960199005,0.23296703296703297,0.9810606060606061,0.1289198606271777,0.2278926528816542,1.0,0.1318407960199005,0.23296703296703297,3.4873971939086914
6h3qi,1.0,0.09648872395089923,0.1759958344181203,0.9792284866468842,0.09423186750428326,0.17191977077363893,0.893491124260355,0.08621181844133599,0.15725071595938556,12.008321285247803
6h4do,1.0,0.18452758402029168,0.3115631691648822,0.9758620689655172,0.17956852791878172,0.3033226152197213,1.0,0.18452758402029168,0.3115631691648822,6.213193655014038
6h6ld,1.0,0.08678500986193294,0.15970961887477314,0.9771428571428571,0.08436112481499754,0.15531335149863762,1.0,0.08678500986193294,0.15970961887477314,2.6077964305877686
6h6p0,1.0,0.13617810760667903,0.2397126061397779,0.9726775956284153,0.1321455085374907,0.23267973856209148,1.0,0.13617810760667903,0.2397126061397779,9.481345415115356
6h79s,1.0,0.06274326638642379,0.1180779372985643,0.9825870646766169,0.061507318592338836,0.11576787807737397,1.0,0.06274326638642379,0.1180779372985643,5.558318853378296
6h7do,1.0,0.15701970443349753,0.2714209686003193,0.9803149606299213,0.1534195933456562,0.26531699520511454,1.0,0.15701970443349753,0.2714209686003193,4.440423488616943
6h7i0,1.0,0.054713804713804715,0.10375099760574621,0.9691516709511568,0.052897432299705345,0.1003193187865886,0.8846153846153846,0.0484006734006734,0.09177972865123703,18.442352294921875
6h84n,1.0,0.20240782543265612,0.33667083854818525,0.9776119402985075,0.19728915662650603,0.3283208020050125,1.0,0.20240782543265612,0.33667083854818525,6.534331321716309
6h9h7,1.0,0.08051320193380439,0.14902770607468593,0.9861111111111112,0.07922633438720476,0.14666896195558615,0.9930715935334873,0.07995537374488658,0.14799518155222854,10.790102481842041
6h9le,1.0,0.08452693161186202,0.15587797619047622,0.9880382775119617,0.08333333333333333,0.15370301451432825,0.9164677804295943,0.07746620940084728,0.14285714285714285,19.695374727249146
6hab2,1.0,0.23215821152192606,0.3768318213538032,0.9851301115241635,0.22805507745266781,0.37037037037037035,1.0,0.23215821152192606,0.3768318213538032,5.216818332672119
6hah2,1.0,0.1583011583011583,0.2733333333333333,0.9877300613496932,0.15555555555555556,0.2687813021702838,1.0,0.1583011583011583,0.2733333333333333,6.329721212387085
6haz0,1.0,0.0733561383504371,0.136685552407932,0.96875,0.07072243346007605,0.13182140326009922,1.0,0.0733561383504371,0.136685552407932,4.194228172302246
6hb4y,1.0,0.19529085872576177,0.32676709154113553,0.985781990521327,0.19214780600461895,0.32160804020100503,1.0,0.19529085872576177,0.32676709154113553,7.6219611167907715
6hbde,1.0,0.09588252231500144,0.17498686284813453,0.9578313253012049,0.09158986175115208,0.16719242902208203,1.0,0.09588252231500144,0.17498686284813453,12.922543048858643
6hbrj,1.0,0.08415369958717053,0.1552431165787932,0.9848484848484849,0.08259212198221093,0.15240328253223914,0.9320754716981132,0.07843759923785329,0.14469830111306387,4.971240758895874
6hbte,1.0,0.19561815336463223,0.32722513089005234,0.9718875502008032,0.1895066562255286,0.31716906946264745,1.0,0.19561815336463223,0.32722513089005234,3.8402292728424072
6hdbh,1.0,0.04520052596975674,0.08649158672747287,0.9890510948905109,0.04455038632253822,0.08526034292905457,1.0,0.04520052596975674,0.08649158672747287,6.500499725341797
6hdof,1.0,0.050694152292806056,0.09649649649649648,0.9541666666666667,0.04818009678098043,0.09172841978770278,0.983402489626556,0.04985275557425326,0.0948948948948949,6.1544506549835205
6he42,1.0,0.03204591653712782,0.06210172633530297,0.9625468164794008,0.030734274097105954,0.0595665778189825,1.0,0.03204591653712782,0.06210172633530297,4.74053955078125
6hei2,1.0,0.18128123580190822,0.3069230769230769,0.9824120603015075,0.17772727272727273,0.3010007698229408,1.0,0.18128123580190822,0.3069230769230769,4.348929405212402
6hepm,1.0,0.04782761037140855,0.09128908209329543,0.9816176470588235,0.04678465042929735,0.08931259407927747,1.0,0.04782761037140855,0.09128908209329543,15.859023809432983
6hev4,1.0,0.15243608297153882,0.26454583507743823,0.9873015873015873,0.1500965250965251,0.26057813154587345,1.0,0.15243608297153882,0.26454583507743823,6.055368900299072
6hhwq,1.0,0.12976113621691412,0.22971428571428568,0.9825436408977556,0.1272198902163384,0.22527158376214979,1.0,0.12976113621691412,0.22971428571428568,4.03687858581543
6hiy1,1.0,0.04456993042250681,0.08533642243459794,0.9954648526077098,0.04427188382412263,0.0847735830839046,1.0,0.04456993042250681,0.08533642243459794,27.283382892608643
6hj3l,1.0,0.23465096719932715,0.3801089918256131,0.9748201438848921,0.2281144781144781,0.36971350613915416,1.0,0.23465096719932715,0.3801089918256131,3.9421422481536865
6hk11,1.0,0.04636475662353666,0.08862063889297807,0.9933333333333333,0.045909721152364816,0.08776321602120454,1.0,0.04636475662353666,0.08862063889297807,8.906148433685303
6hl1i,1.0,0.06457621856566284,0.12131816856226306,0.961352657004831,0.061801242236024845,0.11613656259118764,0.9519230769230769,0.061471592673082893,0.11548556430446194,4.61565089225769
6hl1p,1.0,0.17803030303030304,0.30225080385852093,0.9808102345415778,0.17430845017051913,0.296010296010296,1.0,0.17803030303030304,0.30225080385852093,9.830409288406372
6hl5u,1.0,0.19715175789942144,0.3293680297397769,0.9638009049773756,0.18967052537845058,0.3169642857142857,1.0,0.19715175789942144,0.3293680297397769,8.545795202255249
6hliq,1.0,0.3271186440677966,0.49297573435504466,0.987012987012987,0.32230703986429177,0.4859335038363172,1.0,0.3271186440677966,0.49297573435504466,8.202722549438477
6hm2l,1.0,0.08014527845036319,0.14839722035418068,0.9939393939393939,0.07943812061031727,0.14711818793451448,1.0,0.08014527845036319,0.14839722035418068,6.401501178741455
6hmh1,1.0,0.09327956989247312,0.17064175067617407,0.9855491329479769,0.0916913148695886,0.16777367773677737,1.0,0.09327956989247312,0.17064175067617407,5.524846792221069
6hohh,1.0,0.045412703283215713,0.08687995303786324,0.9830508474576272,0.044499002608562224,0.08514386376981796,0.9121621621621622,0.041423749616446764,0.07924860581156443,4.648477792739868
6hoyd,1.0,0.017542675932798058,0.0344804721172336,0.9806949806949807,0.017139001349527665,0.03368923668678294,0.9384615384615385,0.016463126644625868,0.03235859691001923,4.44457745552063
6hpyg,1.0,0.16266666666666665,0.2798165137614679,0.9711934156378601,0.15743829219479652,0.2709529276693456,1.0,0.16266666666666665,0.2798165137614679,4.091130018234253
6hq0v,1.0,0.04464993394980185,0.08548305513404147,0.9703264094955489,0.04320253666270313,0.08272198330381987,1.0,0.04464993394980185,0.08548305513404147,44.83163499832153
6hq7u,1.0,0.18635724331926865,0.3141671606401897,0.9848484848484849,0.18296973961998592,0.3086053412462908,1.0,0.18635724331926865,0.3141671606401897,10.979794025421143
6hqc6,1.0,0.1608744394618834,0.27716079188797677,0.9825174825174825,0.15759955131800338,0.2716288061865636,1.0,0.1608744394618834,0.27716079188797677,5.73174262046814
6hrtr,1.0,0.019627579265223957,0.03849950641658441,0.9816176470588235,0.019197584124245038,0.03765867418899859,1.0,0.019627579265223957,0.03849950641658441,35.00950384140015
6hsca,1.0,0.22979985174203113,0.37371910789632307,0.9741100323624595,0.22329376854599406,0.3633071816535908,1.0,0.22979985174203113,0.37371910789632307,6.5017712116241455
6hsfq,1.0,0.10177095631641087,0.18474067723960566,0.9767441860465116,0.09919697685403873,0.18010291595197253,1.0,0.10177095631641087,0.18474067723960566,6.840653419494629
6ht5e,1.0,0.02817728206633402,0.05481016271767057,0.9842931937172775,0.027594305005137237,0.05368360936607653,1.0,0.02817728206633402,0.05481016271767057,27.129590272903442
6htbi,1.0,0.15413737155219037,0.26710402999062793,0.9894366197183099,0.15205627705627706,0.2636022514071294,1.0,0.15413737155219037,0.26710402999062793,5.843933343887329
6hthx,1.0,0.022449369507069165,0.04391292161076334,0.9786324786324786,0.02187828413107863,0.042799738342211006,1.0,0.022449369507069165,0.04391292161076334,7.1054792404174805
6hu4b,1.0,0.05564971751412429,0.10543216483810543,0.9795918367346939,0.05425261373269285,0.10281124497991968,1.0,0.05564971751412429,0.10543216483810543,4.381973028182983
6hwqd,1.0,0.07271855521815566,0.13557806912991655,0.9801762114537445,0.07113171355498721,0.13263785394932937,1.0,0.07271855521815566,0.13557806912991655,6.723916053771973
6hwwg,1.0,0.11962174940898346,0.21368243243243243,0.9682539682539683,0.11542100283822138,0.2062552831783601,0.9604743083003953,0.1148936170212766,0.20523648648648646,6.79585075378418
6hwwi,1.0,0.01362041686730412,0.02687478791991856,0.9796954314720813,0.013277380297193176,0.026199687775741533,1.0,0.01362041686730412,0.02687478791991856,44.76173973083496
6hykh,1.0,0.2516611295681063,0.40212342402123424,0.9900662251655629,0.2485453034081463,0.3973421926910299,1.0,0.2516611295681063,0.40212342402123424,3.868170738220215
6hyla,1.0,0.11433260393873085,0.20520373097692685,0.9592326139088729,0.1094391244870041,0.19646365422396855,1.0,0.11433260393873085,0.20520373097692685,10.2846200466156
6hynt,1.0,0.2657894736842105,0.4199584199584199,0.9801488833746899,0.26003949967083606,0.4110301768990635,1.0,0.2657894736842105,0.4199584199584199,12.545158624649048
6hzy2,1.0,0.10743446497636441,0.19402405898331393,0.9678714859437751,0.10361134995700774,0.1871844660194175,1.0,0.10743446497636441,0.19402405898331393,3.7998757362365723
6i0xn,1.0,0.05551020408163265,0.10518174787316319,0.9507389162561576,0.05253130103429505,0.09956151663657467,1.0,0.05551020408163265,0.10518174787316319,6.250514507293701
6i10b,1.0,0.02482355804331954,0.048444549988126334,0.9753694581280788,0.024096385542168676,0.04703087885985749,0.9509803921568627,0.023606716962764663,0.046069817145571124,5.465195417404175
6i24z,0.9880952380952381,0.06492829204693612,0.1218497675556643,0.8605577689243028,0.056338028169014086,0.10575275397796818,0.9325396825396826,0.061277705345501955,0.11499877660875948,6.5811216831207275
6i2y6,1.0,0.16927083333333334,0.289532293986637,0.9794344473007712,0.1654363873208858,0.2830609212481427,1.0,0.16927083333333334,0.289532293986637,5.888583183288574
6i3el,1.0,0.08755338621110433,0.16100981767180922,0.965034965034965,0.08422337503814464,0.15492562447375804,0.9407665505226481,0.08236729713239781,0.1514726507713885,5.2284746170043945
6i3w1,1.0,0.09185878962536023,0.16826129990102276,0.9645669291338582,0.08828828828828829,0.1617695609111918,1.0,0.09185878962536023,0.16826129990102276,5.470490217208862
6i48n,1.0,0.17296862429605792,0.2949245541838134,0.986013986013986,0.17022132796780684,0.2903225806451613,1.0,0.17296862429605792,0.2949245541838134,17.50931739807129
6i4ai,1.0,0.2183219178082192,0.3583977512297962,0.9566929133858267,0.20822622107969152,0.34201266713581985,1.0,0.2183219178082192,0.3583977512297962,5.086542844772339
6i4ia,1.0,0.17596848325673015,0.2992741485203797,0.9700374531835206,0.17017082785808146,0.28954723309111235,1.0,0.17596848325673015,0.2992741485203797,3.489140033721924
6i4lq,1.0,0.07813620071684588,0.14494680851063832,0.9907407407407407,0.07675753228120516,0.14247669773635152,1.0,0.07813620071684588,0.14494680851063832,2.675562858581543
6i5d8,1.0,0.19588080631025417,0.3275925247343349,0.984304932735426,0.19245944761069705,0.32196552988632193,1.0,0.19588080631025417,0.3275925247343349,8.087304592132568
6i5qe,1.0,0.061299852289512555,0.11551844119693806,0.9589371980676329,0.05864972669522825,0.11053877210079356,0.9614457831325302,0.058936484490398816,0.11106471816283923,8.711254119873047
6i78b,1.0,0.03856670024463952,0.07426908687820424,0.9737827715355806,0.03742084052964882,0.07207207207207207,0.9589552238805971,0.036983738667434166,0.07122072883469587,12.050877571105957
6i7wb,0.9956331877729258,0.10408582515407441,0.18846869187848728,0.975929978118162,0.10182648401826484,0.18441182551168078,0.9475982532751092,0.09906414060716731,0.1793759041124199,7.348498582839966
6i8ie,1.0,0.09109542245502164,0.16697975370486332,0.9774436090225563,0.0888382687927107,0.1628732512006682,1.0,0.09109542245502164,0.16697975370486332,6.901443004608154
6i969,1.0,0.17546117546117546,0.29854014598540146,0.9632352941176471,0.1686695278969957,0.2870708546384222,1.0,0.17546117546117546,0.29854014598540146,6.617634057998657
6i9nr,1.0,0.023559032461109613,0.04603355881577791,0.9655172413793104,0.022661870503597123,0.0442843335383534,0.9885496183206107,0.023289272547432786,0.04550645699727664,5.578983545303345
6i9tl,1.0,0.03285365191420038,0.06361724500525762,0.970954356846473,0.03177189409368635,0.06153037075992637,0.9793388429752066,0.03217485745316318,0.06230283911671923,26.539743423461914
6i9up,1.0,0.0661345496009122,0.12406417112299464,0.9757785467128027,0.06432481751824817,0.12069334474641558,1.0,0.0661345496009122,0.12406417112299464,4.612959384918213
6ibx2,1.0,0.04684552504715993,0.08949844829312244,0.9865470852017937,0.04611675924955455,0.08811454891358765,1.0,0.04684552504715993,0.08949844829312244,39.48466348648071
6ic3d,1.0,0.09344978165938865,0.17092651757188498,0.9671361502347418,0.08999563128003495,0.16466826538768983,1.0,0.09344978165938865,0.17092651757188498,4.5723772048950195
6ie7z,1.0,0.11672794117647059,0.20905349794238684,0.9604743083003953,0.11172413793103449,0.200164744645799,1.0,0.11672794117647059,0.20905349794238684,6.077155590057373
6ie8v,1.0,0.26335174953959484,0.4169096209912536,0.9859649122807017,0.2589861751152074,0.4102189781021898,1.0,0.26335174953959484,0.4169096209912536,3.172398805618286
6ifja,1.0,0.07970604861503675,0.14764397905759163,0.9928825622775801,0.07888040712468193,0.14614981665793608,0.9219858156028369,0.07348784624081402,0.13612565445026176,3.8074662685394287
6ifm6,1.0,0.32217898832684827,0.4873454973513832,0.9733656174334141,0.3130841121495327,0.47377725397760756,1.0,0.32217898832684827,0.4873454973513832,6.430597305297852
6ih4i,1.0,0.027807147388454218,0.05410965950005143,0.9732824427480916,0.026964153537062493,0.0524745344171211,1.0,0.027807147388454218,0.05410965950005143,23.59298610687256
6ih6r,1.0,0.05027513756878439,0.0957370802572041,0.9850374064837906,0.04940587867417136,0.0940924249642687,1.0,0.05027513756878439,0.0957370802572041,18.531099557876587
6ijmf,1.0,0.06379310344827586,0.11993517017828201,0.9883720930232558,0.06282335550628233,0.11813759555246699,1.0,0.06379310344827586,0.11993517017828201,5.493231773376465
6ik0f,1.0,0.29607698001480387,0.45688178183894923,0.974937343358396,0.28814814814814815,0.4448256146369354,1.0,0.29607698001480387,0.45688178183894923,8.374197244644165
6ikeh,1.0,0.23562152133580705,0.3813813813813814,0.9960474308300395,0.233983286908078,0.37894736842105264,1.0,0.23562152133580705,0.3813813813813814,4.724019527435303
6ikh3,1.0,0.10896130346232179,0.19651056014692378,0.9436619718309859,0.10239429444727458,0.18474264705882354,1.0,0.10896130346232179,0.19651056014692378,10.137159824371338
6ilg7,1.0,0.12960306073648972,0.22946655376799321,0.9740740740740741,0.1258373205741627,0.2228813559322034,1.0,0.12960306073648972,0.22946655376799321,4.963166952133179
6imn6,1.0,0.10132743362831859,0.1840096424266774,0.9912472647702407,0.10024341668510732,0.18207395498392284,1.0,0.10132743362831859,0.1840096424266774,13.19934892654419
6imnv,1.0,0.1042223409941208,0.18877057115198453,0.9691516709511568,0.10077519379844961,0.18256658595641645,1.0,0.1042223409941208,0.18877057115198453,6.593662261962891
6imyp,1.0,0.011111111111111112,0.02197802197802198,1.0,0.010981827689894103,0.021725074356653305,1.0,0.011111111111111112,0.02197802197802198,2.950937271118164
6in3u,1.0,0.14321482223335003,0.2505475251861586,0.9789473684210527,0.13977955911823647,0.2446295484436651,1.0,0.14321482223335003,0.2505475251861586,10.60494327545166
6inl1,1.0,0.02968784108273303,0.05766376934492262,0.9703703703703703,0.028602620087336245,0.05556733828207847,0.8823529411764706,0.02619515389652914,0.050879796480814074,4.681983470916748
6ins8,1.0,0.062299587723316535,0.11729193617938766,0.985239852398524,0.061168384879725084,0.11518550474547024,1.0,0.062299587723316535,0.11729193617938766,7.206299781799316
6ioqv,1.0,0.1203104786545925,0.21478060046189376,0.9856115107913669,0.1182053494391717,0.2110939907550077,1.0,0.1203104786545925,0.21478060046189376,6.441406488418579
6iple,1.0,0.024393139058697846,0.04762456546929317,0.9829268292682927,0.023919753086419752,0.04670297832889095,1.0,0.024393139058697846,0.04762456546929317,8.885736465454102
6iq8g,1.0,0.13278008298755187,0.23443223443223443,0.9607843137254902,0.12714063310845874,0.2245646196150321,1.0,0.13278008298755187,0.23443223443223443,9.71557092666626
6iqa9,1.0,0.11813426329555361,0.21130604288499025,0.9888888888888889,0.11644134321849106,0.20834959032383926,1.0,0.11813426329555361,0.21130604288499025,3.8404483795166016
6irrh,1.0,0.025986298133711314,0.05065622841353903,0.9817351598173516,0.025398700531600708,0.049516351911561486,1.0,0.025986298133711314,0.05065622841353903,21.525328874588013
6is2a,1.0,0.02593965060878772,0.05056759545923633,0.9795221843003413,0.0253242742433601,0.049372097023911925,1.0,0.02593965060878772,0.05056759545923633,51.65230631828308
6iub3,1.0,0.034172427285770184,0.06608651784588221,0.9655172413793104,0.03287242368901644,0.06358016904251294,0.9732824427480916,0.03325942350332594,0.06432084752175557,4.9310302734375
6iutj,1.0,0.21569878749202298,0.3548556430446195,0.9762611275964391,0.21008939974457216,0.34576983709931686,1.0,0.21569878749202298,0.3548556430446195,10.219668865203857
6iuzs,1.0,0.08189429618001047,0.15139056831922612,0.9839743589743589,0.08034545930384716,0.14856036777159448,1.0,0.08189429618001047,0.15139056831922612,11.08552098274231
6iw4y,1.0,0.05225090410275596,0.09931263332543258,0.9808612440191388,0.051134946370666,0.09720246562351825,1.0,0.05225090410275596,0.09931263332543258,7.370374917984009
6iw5f,1.0,0.10233160621761658,0.18566392479435959,0.9788135593220338,0.09978401727861771,0.18110544884359076,1.0,0.10233160621761658,0.18566392479435959,5.320633888244629
6iwu0,1.0,0.09478817433709234,0.17316258351893093,0.9903225806451613,0.09359756097560976,0.17103064066852366,1.0,0.09478817433709234,0.17316258351893093,3.8668389320373535
6ixaw,1.0,0.14387699066447007,0.2515602496399424,0.9770114942528736,0.1401098901098901,0.245074483421432,1.0,0.14387699066447007,0.2515602496399424,5.6011717319488525
6ixvp,1.0,0.1652892561983471,0.28368794326241137,0.9880668257756563,0.16299212598425197,0.27982426495437646,1.0,0.1652892561983471,0.28368794326241137,10.46564769744873
6iyj4,1.0,0.019054554281206382,0.03739653427023164,0.9840255591054313,0.018691588785046728,0.03668632005240903,0.9968152866242038,0.018993870987317193,0.03727743702733282,51.4244589805603
6iylt,1.0,0.13685932388222466,0.24076738609112713,0.988,0.1347517730496454,0.2371579452712434,1.0,0.13685932388222466,0.24076738609112713,3.633054494857788
6iz0r,1.0,0.03264572293716881,0.06322734353523321,0.9912790697674418,0.032270275385634525,0.06250572816423793,1.0,0.03264572293716881,0.06322734353523321,34.81368708610535
6j0ke,1.0,0.27925340990667624,0.4365881032547699,0.979381443298969,0.27298850574712646,0.42696629213483145,1.0,0.27925340990667624,0.4365881032547699,8.995798110961914
6j0ra,1.0,0.046755725190839696,0.08933454876937101,0.9761092150170648,0.04549069508509623,0.08693009118541034,1.0,0.046755725190839696,0.08933454876937101,6.4369542598724365
6j16i,1.0,0.07170897670766815,0.13382173382173382,0.967032967032967,0.06910994764397906,0.12900073295871,1.0,0.07170897670766815,0.13382173382173382,7.780617713928223
6j274,1.0,0.11461937716262975,0.20566550252231275,0.9545454545454546,0.10904370402423194,0.1957281553398058,1.0,0.11461937716262975,0.20566550252231275,10.445651292800903
6j2op,1.0,0.05909220667998858,0.11159029649595686,0.9903147699757869,0.05838686652391149,0.11027231059584794,1.0,0.05909220667998858,0.11159029649595686,7.402811288833618
6j4f3,1.0,0.0744593484807008,0.13859872611464968,0.977859778597786,0.07256297918948522,0.13510068824878918,0.9411764705882353,0.07007938680536545,0.13044585987261145,3.5140957832336426
6j4n0,1.0,0.20754716981132076,0.34375000000000006,0.9754385964912281,0.2018881626724764,0.33453670276774966,1.0,0.20754716981132076,0.34375000000000006,20.52843427658081
6j4t5,1.0,0.17902350813743217,0.30368098159509205,0.9644670050761421,0.17194570135746606,0.29185867895545314,1.0,0.17902350813743217,0.30368098159509205,9.595547437667847
6j657,1.0,0.07082737811656345,0.13228533293786152,0.9865168539325843,0.06972681067344345,0.1302477377243732,1.0,0.07082737811656345,0.13228533293786152,9.37711763381958
6j76f,1.0,0.14044416640600563,0.24629731212287437,0.9866071428571429,0.13829787234042554,0.24259055982436886,1.0,0.14044416640600563,0.24629731212287437,6.080692291259766
6j7au,1.0,0.26286619160728425,0.41630094043887145,0.9788519637462235,0.25673534072900156,0.4067796610169492,1.0,0.26286619160728425,0.41630094043887145,9.41982650756836
6j83f,1.0,0.2166416791604198,0.35613062230437464,0.9756944444444444,0.2108027006751688,0.3466995681677977,1.0,0.2166416791604198,0.35613062230437464,4.588255882263184
6j8mp,1.0,0.10883171070931849,0.19629978049545313,0.9807692307692307,0.10643478260869565,0.19203012237213682,1.0,0.10883171070931849,0.19629978049545313,3.658020496368408
6j9b8,1.0,0.1146374829001368,0.20569464899361806,0.9808612440191388,0.11220580186097427,0.2013752455795678,1.0,0.1146374829001368,0.20569464899361806,16.89035964012146
6j9eo,1.0,0.1662861491628615,0.28515497553017943,0.9885321100917431,0.16406547392462886,0.2814234410708456,1.0,0.1662861491628615,0.28515497553017943,7.617061138153076
6j9t4,1.0,0.11121408711770157,0.2001668056713928,0.9832635983263598,0.10894761242466389,0.1961602671118531,0.8666666666666667,0.0963855421686747,0.17347789824854046,3.499173641204834
6j9uz,1.0,0.13920645595158038,0.24439197166469895,0.9685230024213075,0.13454423141607805,0.23626698168930896,0.9830917874396136,0.13685272360457296,0.24025974025974026,5.076712369918823
6jae1,1.0,0.07426160337552742,0.13825608798114689,0.9931662870159453,0.07359891964888589,0.13704227565613705,0.9568181818181818,0.0710548523206751,0.13228593872741554,5.03877329826355
6jakd,1.0,0.052400981423063445,0.09958368026644462,0.9630872483221476,0.05030674846625767,0.09561885723804764,0.8963210702341137,0.04696810375043813,0.08925895087427144,6.662995338439941
6jbwv,1.0,0.3063583815028902,0.46902654867256643,0.9787234042553191,0.2993492407809111,0.45847176079734225,1.0,0.3063583815028902,0.46902654867256643,6.3654608726501465
6jcfv,1.0,0.06573615488518686,0.12336290663286861,0.9586206896551724,0.06261261261261261,0.1175475687103594,1.0,0.06573615488518686,0.12336290663286861,11.310230255126953
6jd6d,1.0,0.023467070401211203,0.04585798816568047,0.9815242494226328,0.02298166873952306,0.04491176159780197,1.0,0.023467070401211203,0.04585798816568047,10.00035810470581
6jeby,1.0,0.10236220472440945,0.1857142857142857,0.9652509652509652,0.09846396218983852,0.17869907076483202,1.0,0.10236220472440945,0.1857142857142857,5.950335741043091
6jf3d,1.0,0.03262642740619902,0.0631911532385466,0.9824561403508771,0.03197650705604046,0.06193711486806761,1.0,0.03262642740619902,0.0631911532385466,12.719037294387817
6jfiw,1.0,0.05191193511008111,0.09870015421899096,0.9775784753363229,0.050533147890588784,0.09609874366321358,1.0,0.05191193511008111,0.09870015421899096,32.878716468811035
6jg51,1.0,0.24048442906574394,0.38772663877266383,0.9711191335740073,0.2329004329004329,0.3756983240223464,1.0,0.24048442906574394,0.38772663877266383,7.144094705581665
6jggv,1.0,0.17306350314026517,0.2950624628197501,0.9352226720647774,0.16131284916201116,0.2751637879690291,1.0,0.17306350314026517,0.2950624628197501,4.9338719844818115
6jhqi,1.0,0.25557955363570917,0.40711009174311924,0.980225988700565,0.25,0.39839265212399544,1.0,0.25557955363570917,0.40711009174311924,5.125513315200806
6jhsx,1.0,0.05374242720343952,0.10200296735905046,0.9708029197080292,0.05199374511336982,0.09870129870129869,0.9672727272727273,0.05198358413132695,0.0986646884272997,8.576693534851074
6ji4d,1.0,0.09981167608286252,0.1815068493150685,0.9734848484848485,0.09683496608892238,0.17614804660726524,1.0,0.09981167608286252,0.1815068493150685,7.284286260604858
6ji7u,1.0,0.19727891156462585,0.32954545454545453,0.9792387543252595,0.19264805990469708,0.3219567690557452,1.0,0.19727891156462585,0.32954545454545453,9.017964601516724
6jirc,1.0,0.21598101265822786,0.3552374756018218,0.9705882352941176,0.20902612826603326,0.3439739413680782,1.0,0.21598101265822786,0.3552374756018218,5.832630157470703
6jjob,1.0,0.05108416023520764,0.09720279720279719,0.9927536231884058,0.05036764705882353,0.09587123862841149,1.0,0.05108416023520764,0.09720279720279719,1.663564682006836
6jk60,1.0,0.08001035732780942,0.1481659074562455,0.9772727272727273,0.07795907795907796,0.1443991364835692,1.0,0.08001035732780942,0.1481659074562455,10.113956689834595
6jki9,1.0,0.04502004316990441,0.08616110947182061,0.9794050343249427,0.04399671052631579,0.08421052631578949,1.0,0.04502004316990441,0.08616110947182061,12.069111585617065
6jkti,1.0,0.19362363919129083,0.3244299674267101,0.9717741935483871,0.18754863813229572,0.31441617742987604,0.9317269076305221,0.18040435458786935,0.3022801302931596,4.384573459625244
6jl2z,1.0,0.10606060606060606,0.19178082191780824,0.9713261648745519,0.10269041303524062,0.18574366004112405,1.0,0.10606060606060606,0.19178082191780824,7.2462193965911865
6jlku,1.0,0.04972124246216862,0.09473227834381097,0.9931192660550459,0.049271734182976784,0.09388551604509975,1.0,0.04972124246216862,0.09473227834381097,11.752054929733276
6jltd,1.0,0.0652267818574514,0.1224655312246553,0.9867256637168141,0.06422811059907835,0.12060573282855598,1.0,0.0652267818574514,0.1224655312246553,10.279933214187622
6jn1f,1.0,0.08291708291708291,0.15313653136531366,0.9879154078549849,0.08168873344991257,0.15089986155976,1.0,0.08291708291708291,0.15313653136531366,5.263330459594727
6jnil,1.0,0.15474552957359008,0.26801667659321027,0.96875,0.14934618031658636,0.2587954680977937,1.0,0.15474552957359008,0.26801667659321027,3.7329907417297363
6jp6c,1.0,0.0572262118491921,0.10825727021863722,0.9763779527559056,0.055667789001122334,0.10533021873009131,1.0,0.0572262118491921,0.10825727021863722,11.820483922958374
6jplj,1.0,0.09547738693467336,0.17431192660550457,0.9849056603773585,0.09371633752244166,0.17114754098360657,1.0,0.09547738693467336,0.17431192660550457,5.3261425495147705
6jr2l,1.0,0.17009345794392525,0.29073482428115016,0.9742647058823529,0.16521197007481297,0.2825159914712153,0.9377289377289377,0.15950155763239876,0.2726304579339723,6.7307305335998535
6jr7g,1.0,0.17466307277628032,0.2973841211564938,0.9690402476780186,0.16882416396979505,0.2875516766192008,1.0,0.17466307277628032,0.2973841211564938,7.749876022338867
6jr9k,1.0,0.10002347969006808,0.18185699039487727,0.9788235294117648,0.09769844997651479,0.17766389066837496,1.0,0.10002347969006808,0.18185699039487727,8.83887791633606
6jrdp,1.0,0.231473771856786,0.3759296822177146,0.9783393501805054,0.22583333333333333,0.3669600541638457,1.0,0.231473771856786,0.3759296822177146,5.019256353378296
6jrlv,1.0,0.0851063829787234,0.1568627450980392,0.9930313588850174,0.08424475317765297,0.1553133514986376,1.0,0.0851063829787234,0.1568627450980392,5.043362140655518
6jrn9,1.0,0.188616535105941,0.317371548409647,0.9889624724061811,0.1862011637572735,0.31339629240993355,1.0,0.188616535105941,0.317371548409647,7.7185070514678955
6jrru,1.0,0.1659729448491155,0.284694332887104,0.9779874213836478,0.1618948464341489,0.2778025904421617,1.0,0.1659729448491155,0.284694332887104,6.477295160293579
6js0j,1.0,0.2009132420091324,0.33460076045627374,0.973384030418251,0.19497334348819498,0.32487309644670054,1.0,0.2009132420091324,0.33460076045627374,6.675690412521362
6jsqc,1.0,0.04083333333333333,0.07846277021617294,1.0,0.040700097235727185,0.07821676454885211,1.0,0.04083333333333333,0.07846277021617294,4.3201682567596436
6jsz8,1.0,0.04810794954532121,0.09179960817240415,0.9693251533742331,0.04636150234741784,0.08849061887426492,1.0,0.04810794954532121,0.09179960817240415,4.890205383300781
6jszc,1.0,0.01587378877148561,0.031251497867037334,0.9815384615384616,0.0155336969224776,0.03058338526436892,1.0,0.01587378877148561,0.031251497867037334,53.65802240371704
6jtbs,1.0,0.14,0.24561403508771928,0.9781553398058253,0.136656493726687,0.23980958048199938,1.0,0.14,0.24561403508771928,5.750503301620483
6jtue,1.0,0.05065176908752328,0.09641970932293514,0.977859778597786,0.04935742223877817,0.09397163120567376,1.0,0.05065176908752328,0.09641970932293514,4.379866600036621
6ju1a,1.0,0.10503597122302158,0.19010416666666666,0.978021978021978,0.102475532527346,0.18551328817092236,1.0,0.10503597122302158,0.19010416666666666,11.635763168334961
6juj6,1.0,0.11635345861655338,0.20845272206303728,0.9689655172413794,0.1124,0.2014336917562724,1.0,0.11635345861655338,0.20845272206303728,6.022258996963501
6juow,1.0,0.13582089552238805,0.23915900131406043,0.9779411764705882,0.13240418118466898,0.2332310390179746,1.0,0.13582089552238805,0.23915900131406043,8.7229323387146
6juv6,1.0,0.05003756574004508,0.09530623926731539,0.9759036144578314,0.04869251577998197,0.09275694245634125,0.990990990990991,0.049586776859504134,0.09444762449914139,11.799844980239868
6juve,1.0,0.3043867502238138,0.4667124227865477,0.9823008849557522,0.29838709677419356,0.4577319587628866,1.0,0.3043867502238138,0.4667124227865477,9.177273750305176
6jv9h,1.0,0.10588235294117647,0.19148936170212766,0.975609756097561,0.10297903641044502,0.18629407850964738,1.0,0.10588235294117647,0.19148936170212766,5.177416563034058
6jvc4,1.0,0.16656071201525746,0.285558583106267,0.9655172413793104,0.16030534351145037,0.27495908346972175,1.0,0.16656071201525746,0.285558583106267,4.268059253692627
6jvmc,1.0,0.2543352601156069,0.40552995391705066,0.9804560260586319,0.2487603305785124,0.3968358602504944,1.0,0.2543352601156069,0.40552995391705066,5.757054328918457
6jx2o,1.0,0.10319195452557936,0.1870788743559255,0.9829787234042553,0.1010498687664042,0.18326061086870288,1.0,0.10319195452557936,0.1870788743559255,6.124338626861572
6jx81,1.0,0.08627182471756248,0.15884021430822565,0.9920318725099602,0.08527397260273972,0.15704824976348156,1.0,0.08627182471756248,0.15884021430822565,7.476867914199829
6jyiz,1.0,0.054014950566674706,0.10249370853351636,0.9596412556053812,0.05161601543656536,0.09796292057679103,1.0,0.054014950566674706,0.10249370853351636,4.249622821807861
6jz9z,1.0,0.2254169062679701,0.3679023932426091,0.9616368286445013,0.21634062140391255,0.353217472992015,1.0,0.2254169062679701,0.3679023932426091,9.778541564941406
6jzgc,1.0,0.26798561151079137,0.42269503546099296,0.9865319865319865,0.26372637263726373,0.41619318181818177,1.0,0.26798561151079137,0.42269503546099296,7.448286533355713
6k078,1.0,0.08985148514851485,0.16488757665228254,0.9723756906077348,0.08715028472394157,0.1599636446262213,0.9889807162534435,0.08886138613861386,0.16307063365886892,7.204919338226318
6k1er,1.0,0.04603709949409781,0.08802192487506047,0.9558823529411765,0.04385225164445944,0.08385744234800839,1.0,0.04603709949409781,0.08802192487506047,3.7616305351257324
6k27g,1.0,0.12738853503184713,0.22598870056497175,0.9737470167064439,0.12378640776699029,0.21965006729475098,1.0,0.12738853503184713,0.22598870056497175,16.548452138900757
6k2wl,1.0,0.28878748370273793,0.4481537683358624,0.9841628959276018,0.2837573385518591,0.440506329113924,1.0,0.28878748370273793,0.4481537683358624,6.87180495262146
6k33f,1.0,0.12259887005649718,0.21841972823351785,0.9745958429561201,0.11924272393331449,0.21248741188318226,1.0,0.12259887005649718,0.21841972823351785,7.725523471832275
6k48y,1.0,0.048258922121080766,0.09207443142660234,0.972972972972973,0.04682080924855491,0.08934234110023438,1.0,0.048258922121080766,0.09207443142660234,7.1601643562316895
6k5p4,1.0,0.18974583698510078,0.3189686924493554,0.9930555555555556,0.18807540552389304,0.31625506819019533,1.0,0.18974583698510078,0.3189686924493554,6.4863433837890625
6k5q1,1.0,0.09622886866059818,0.1755634638196916,0.9864406779661017,0.09463414634146342,0.172700296735905,1.0,0.09622886866059818,0.1755634638196916,7.829417943954468
6k67i,1.0,0.07664111962679107,0.14237078303930673,1.0,0.07633333333333334,0.1418395788169712,1.0,0.07664111962679107,0.14237078303930673,3.8069162368774414
6k6y1,1.0,0.03565144920826002,0.0688483547925608,0.9947916666666666,0.035376921652157806,0.06832409229118225,1.0,0.03565144920826002,0.0688483547925608,7.4834325313568115
6k70v,1.0,0.09970864357397216,0.18133647335884603,0.9609120521172638,0.09553108808290156,0.17378497790868924,0.8668831168831169,0.08643573972159276,0.15719752722990876,6.38327693939209
6k8e6,1.0,0.08303535955502582,0.1533382245047689,0.9855769230769231,0.08147853736089031,0.15051395007342144,1.0,0.08303535955502582,0.1533382245047689,27.927465438842773
6k8mv,1.0,0.12125863392171911,0.21629021218343597,0.9682539682539683,0.11708253358925144,0.2089041095890411,1.0,0.12125863392171911,0.21629021218343597,7.760088205337524
6k8u1,1.0,0.026728110599078342,0.05206463195691203,0.9777777777777777,0.026071499111198895,0.05078876490958061,1.0,0.026728110599078342,0.05206463195691203,23.615554809570312
6k9hh,1.0,0.22396694214876034,0.3659689399054693,0.9851851851851852,0.22001654259718775,0.3597025016903313,1.0,0.22396694214876034,0.3659689399054693,8.604294776916504
6k9v5,1.0,0.052929085303186026,0.10053684724255735,0.9837662337662337,0.051910227856775744,0.09861676159479253,0.8737864077669902,0.046248715313463515,0.08784773060029283,7.720815896987915
6kasl,1.0,0.028006246746486205,0.054486530281547506,0.9776119402985075,0.027280299875052063,0.05307941653160454,1.0,0.028006246746486205,0.054486530281547506,6.109835624694824
6kcwp,1.0,0.05960967331353415,0.11251251251251251,0.975,0.05792488860598345,0.10935309433206489,0.9928825622775801,0.05918540517607128,0.11171171171171172,10.25148868560791
6kdnl,1.0,0.35455349248452694,0.5234986945169712,0.99,0.3504424778761062,0.5176470588235295,1.0,0.35455349248452694,0.5234986945169712,9.777890682220459
6kdxz,1.0,0.019209659714599342,0.037695207323640276,0.9760765550239234,0.01866251944012442,0.03662477558348295,1.0,0.019209659714599342,0.037695207323640276,7.459351301193237
6kexm,1.0,0.056986070071760236,0.10782747603833867,0.9814126394052045,0.05573147561747942,0.10547343188174191,1.0,0.056986070071760236,0.10782747603833867,16.135231018066406
6kfea,0.9627906976744186,0.059499856280540386,0.1120736329182458,0.717948717948718,0.04427195630300417,0.0834010289737341,0.8023255813953488,0.049583213567116986,0.09339469409853816,25.702315092086792
6kfv5,1.0,0.12839598064756233,0.2275725593667546,0.9709302325581395,0.12434847356664185,0.22046204620462048,1.0,0.12839598064756233,0.2275725593667546,8.48535966873169
6khxp,1.0,0.016243282852955544,0.031967311621199375,0.9773584905660377,0.01581679389312977,0.031129807692307693,1.0,0.016243282852955544,0.031967311621199375,32.86395835876465
6khxu,1.0,0.05668202764976959,0.1072830353249019,0.9590163934426229,0.05394190871369295,0.10213880401571367,1.0,0.05668202764976959,0.1072830353249019,4.611242294311523
6kite,1.0,0.18601493550577053,0.31368059530623926,0.9743589743589743,0.18070652173913043,0.3048710601719198,1.0,0.18601493550577053,0.31368059530623926,7.653737783432007
6kk57,1.0,0.19349457881567975,0.3242487770789658,0.9783549783549783,0.18864774624373956,0.31630510846745974,1.0,0.19349457881567975,0.3242487770789658,4.782357454299927
6kk5e,1.0,0.018965150871228218,0.037224336583077,0.9859550561797753,0.01864739945810976,0.036602534021586114,1.0,0.018965150871228218,0.037224336583077,25.062612533569336
6kkpw,1.0,0.2,0.33333333333333337,0.9795918367346939,0.1955636034404708,0.3260377358490566,1.0,0.2,0.33333333333333337,9.520276308059692
6klyw,1.0,0.05373891001267427,0.1019966321866731,0.9739952718676123,0.052224616554696415,0.0991337824831569,1.0,0.05373891001267427,0.1019966321866731,14.920630693435669
6kmpi,1.0,0.03369524522650692,0.06519377037305324,0.9739776951672863,0.0327009485771343,0.06327738195870064,1.0,0.03369524522650692,0.06519377037305324,14.598124027252197
6knd2,1.0,0.14651858180264843,0.2555886736214605,0.97953216374269,0.14316239316239315,0.24981357196122295,0.9591836734693877,0.14053823152498932,0.24515648286140093,5.1210877895355225
6knmk,1.0,0.1537122969837587,0.26646556058320764,0.9772727272727273,0.1497388276262333,0.25968797181680925,1.0,0.1537122969837587,0.26646556058320764,3.320064067840576
6knq3,1.0,0.03292465888866917,0.06375035895472383,0.9819277108433735,0.03223573618115297,0.06242221158449019,1.0,0.03292465888866917,0.06375035895472383,52.187854528427124
6kp9x,1.0,0.19016152716593246,0.3195558297347316,0.9767441860465116,0.18515797207935342,0.3113032736256948,1.0,0.19016152716593246,0.3195558297347316,4.472966909408569
6kpoq,1.0,0.06394753023160483,0.12020805239838181,0.977491961414791,0.062320623206232065,0.11717093852380034,1.0,0.06394753023160483,0.12020805239838181,5.9245805740356445
6kpvm,1.0,0.23186119873817035,0.3764404609475032,0.9840909090909091,0.22777485533929512,0.36992738146091414,1.0,0.23186119873817035,0.3764404609475032,8.818229913711548
6kqfk,1.0,0.0732706676307544,0.1365371659555356,0.9801980198019802,0.07160077145612344,0.13345315659402382,1.0,0.0732706676307544,0.1365371659555356,3.335714817047119
6kqfv,1.0,0.05972010530691423,0.1127092050209205,0.9790697674418605,0.05834257206208426,0.11012294009939838,1.0,0.05972010530691423,0.1127092050209205,11.827689170837402
6kt07,1.0,0.13125309559187717,0.2320490367775832,0.9734848484848485,0.1273538156590684,0.2252410166520596,0.9320754716981132,0.12233779098563645,0.21628721541155865,7.521102666854858
6ktgw,1.0,0.04110127826941986,0.07895731016244806,0.9688249400479616,0.03972858688169928,0.07632722463631211,1.0,0.04110127826941986,0.07895731016244806,13.304449081420898
6kusz,1.0,0.07035093473269925,0.13145396047188604,0.9742990654205608,0.06839429227488929,0.127816091954023,1.0,0.07035093473269925,0.13145396047188604,42.6851761341095
6kv0b,1.0,0.265625,0.41975308641975306,0.96875,0.25666973321067155,0.4058181818181818,1.0,0.265625,0.41975308641975306,5.423447608947754
6kvku,1.0,0.2525533890436397,0.40326167531504814,0.981549815498155,0.24721189591078066,0.39495174461766885,1.0,0.2525533890436397,0.40326167531504814,5.878808259963989
8wuma,1.0,0.09011943539630836,0.16533864541832669,0.9636363636363636,0.08636610537751223,0.1585244267198405,1.0,0.09011943539630836,0.16533864541832669,3.1552765369415283
8yyfu,1.0,0.2697986577181208,0.42494714587737836,0.9750623441396509,0.2625923438549362,0.4137566137566137,1.0,0.2697986577181208,0.42494714587737836,4.978987693786621
8zfdu,1.0,0.2311787072243346,0.37554045707226685,0.9834983498349835,0.2267884322678843,0.3685837971552257,1.0,0.2311787072243346,0.37554045707226685,4.407736301422119
a5t1e,1.0,0.2617627567925779,0.4149159663865546,0.9949238578680203,0.259946949602122,0.41219768664563616,1.0,0.2617627567925779,0.4149159663865546,20.67214298248291
c9gr7,1.0,0.3203125,0.48520710059171596,0.9828850855745721,0.31430805316653637,0.4763033175355451,1.0,0.3203125,0.48520710059171596,9.374202728271484
fsjxx,1.0,0.15968586387434555,0.27539503386004516,0.9465020576131687,0.15062213490504256,0.25988700564971745,1.0,0.15968586387434555,0.27539503386004516,4.230337858200073
fzeh5,1.0,0.20889261744966442,0.34559333795975017,0.9596774193548387,0.1998320738874895,0.33078526754690757,1.0,0.20889261744966442,0.34559333795975017,7.223635911941528
